tree_id,username,label,1,2,3,4,5,6
5t57hw,arkonum,,0.0,0.0,0.0,0.0,0.0,0.0
5t57hw,Andynonomous,,7.854948648330021e-05,0.0,0.0,0.0,0.0,0.0
5t57hw,shinkouhyou,,-1.4397151116554547e-05,7.721880505567579e-05,0.0,0.0,0.0,0.0
5t57hw,thetasigma4,,-1.2580106257734206e-05,-1.5142406853090573e-05,7.102643133308688e-05,0.0,0.0,0.0
5t57hw,Navvana,,-1.4397152529960379e-05,-1.732954555081107e-05,-2.0157137530692262e-05,7.249910715871055e-05,0.0,0.0
5t57hw,otakuman,,1.2649255724762624e-05,1.5225640362171988e-05,1.892288983473225e-05,2.5117419246819712e-05,0.00010880805251999898,0.0
5t57hw,_AISP,,-2.0623052581422674e-05,-2.4823530347707705e-05,-4.506703115383095e-05,-4.4903259826114536e-05,-8.092553630692071e-05,5.8672172198303085e-05
