tree_id,username,label,1,2,3,4,5,6,7
5vy5ju,urlong55,,0.0,0.0,0.0,0.0,0.0,0.0,0.0
5vy5ju,championofobscurity,,8.450994118080457e-05,0.0,0.0,0.0,0.0,0.0,0.0
5vy5ju,on_my_lunch_break,,-3.0774428882991776e-06,4.0873735762568926e-05,0.0,0.0,0.0,0.0,0.0
5vy5ju,10ebbor10,,-8.230332310441573e-05,-2.1657105234874623e-05,0.00010112620100096578,0.0,0.0,0.0,0.0
5vy5ju,Boopdelahoop,,9.115704588000811e-06,1.410874858243616e-05,2.7846071852202814e-05,0.00010865306371030495,0.0,0.0,0.0
5vy5ju,groman28,,9.115707215438508e-06,1.4108756731114065e-05,2.7846071852202814e-05,-2.185195521538032e-05,0.00010643298412380902,0.0,0.0
5vy5ju,notadamnthrowaway,,-1.5063231668117598e-06,-9.63313613673716e-06,-2.107635533289001e-05,1.8315293119385626e-05,2.2457678934345137e-05,7.682435242840723e-05,0.0
5vy5ju,SpaceShipRat,,9.115707215438508e-06,1.4108754014888095e-05,2.784607075434389e-05,-2.185195317176924e-05,-2.679422846928525e-05,3.894564269357831e-05,9.535872803400254e-05
